<?xml version="1.0"?>
<newsfeed>

<channel cid="about.entertainment.hl"
title="About.com: Entertainment"
date="05/03/2000"
time="11:17 PST">

<headline
href="http://log.isyndicate.com:8880/pscripts/hit/kixbiqvkczawz%2526ijwcb.mvbmzbiqvumvb.pt%2526pbbx%253a%252f%252fzilqw.ijwcb.kwu%252fmvbmzbiqvumvb%252fzilqw%252ftqjzizg%252femmstg%252fii597355i.pbu%25258nXU%253d10_656_B"
date="Thu, May 04, 2000 11:05 AM" 
time="11:05 PST">Webcasters of the World Unite</headline>

<headline
href="http://log.isyndicate.com:8880/pscripts/hit/kixbiqvkczawz%2526ijwcb.mvbmzbiqvumvb.pt%2526pbbx%253a%252f%252femjewzab.ijwcb.kwu%252fmvbmzbiqvumvb%252femjewzab%252ftqjzizg%252femmstg%252fii505755i.pbu%25258nXU%253d10_657_B"
date="Thu, May 04, 2000 11:05 AM" 
time="11:05 PST">Elements of Bad Design</headline>

<headline
href="http://log.isyndicate.com:8880/pscripts/hit/kixbiqvkczawz%2526ijwcb.mvbmzbiqvumvb.pt%2526pbbx%253a%252f%252fktiaaqkbd.ijwcb.kwu%252fmvbmzbiqvumvb%252fktiaaqkbd%252ftqjzizg%252femmstg%252fii505655i.pbu%25258nXU%253d10_656_B"
date="Wed, May 03, 2000 11:17 AM" 
time="11:17 PST">Senator Coleman?</headline>

</channel>

<channel cid="hollywood.news"
title="Hollywood Online: News"
date="05/04/2000"
time="04:03 PST">

<headline
href="http://log.isyndicate.com:8880/pscripts/hit/kixbiqvkczawz%2526pwttgewwl.vmea%2526pbbx%253a%252f%252feee.pwttgewwl.kwu%252fvmea%252fbwxabwzqma%252f50-59-7555%252fpbut%252f6-7.pbut"
date="Thu, May 04, 2000 04:03 PM" 
time="04:03 PST">Whatever Happened to Shania Twain?</headline>

<headline
href="http://log.isyndicate.com:8880/pscripts/hit/kixbiqvkczawz%2526pwttgewwl.vmea%2526pbbx%253a%252f%252feee.pwttgewwl.kwu%252fvmea%252fbwxabwzqma%252f50-59-7555%252fpbut%252f6-8.pbut"
date="Thu, May 04, 2000 04:03 PM" 
time="04:03 PST">EXTRA: All About the &apos;Disgusting&apos; Rap</headline>

<headline
href="http://log.isyndicate.com:8880/pscripts/hit/kixbiqvkczawz%2526pwttgewwl.vmea%2526pbbx%253a%252f%252feee.pwttgewwl.kwu%252fvmea%252fbwxabwzqma%252f50-59-7555%252fpbut%252f6-9.pbut"
date="Thu, May 04, 2000 04:03 PM" 
time="04:03 PST">B.O. FORECAST: &apos;Gladiator&apos; Steps Into Ring</headline>

</channel>

<channel cid="launch.music_news.hl"
title="LAUNCH: Music News"
date="05/04/2000"
time="03:08 PST">

<headline
href="http://log.isyndicate.com:8880/pscripts/hit/kixbiqvkczawz%2526ticvkp.ucaqk_vmea.pt%2526pbbx%253a%252f%252feee.ticvkp.kwu%252fNmibczma%252fna_Abizb%252f%25258ndw%253dqagv%2526kwvbmvbBgxm%253dVMEA%2526kwvbmvbQl%253d1050"
date="Thu, May 04, 2000 03:08 PM" 
time="03:08 PST">&apos;Blaze&apos; Magazine Shuts Down</headline>

<headline
href="http://log.isyndicate.com:8880/pscripts/hit/kixbiqvkczawz%2526ticvkp.ucaqk_vmea.pt%2526pbbx%253a%252f%252feee.ticvkp.kwu%252fNmibczma%252fna_Abizb%252f%25258ndw%253dqagv%2526kwvbmvbBgxm%253dVMEA%2526kwvbmvbQl%253d1059"
date="Thu, May 04, 2000 03:08 PM" 
time="03:08 PST">Hanson Returns With &apos;This Time Around&apos;</headline>

<headline
href="http://log.isyndicate.com:8880/pscripts/hit/kixbiqvkczawz%2526ticvkp.ucaqk_vmea.pt%2526pbbx%253a%252f%252feee.ticvkp.kwu%252fNmibczma%252fna_Abizb%252f%25258ndw%253dqagv%2526kwvbmvbBgxm%253dVMEA%2526kwvbmvbQl%253d1058"
date="Thu, May 04, 2000 03:08 PM" 
time="03:08 PST">Snoop Dogg, Q-Tip Collaborate With Lucy Pearl</headline>

</channel>

<channel cid="rollingstone.news"
title="RollingStone.com: News"
date="05/03/2000"
time="05:20 PST">

<headline
href="http://log.isyndicate.com:8880/pscripts/hit/kixbiqvkczawz%2526zwttqvoabwvm.vmea%2526pbbx%253a%252f%252feee.zwttqvoabwvm.kwu%252famkbqwva%252fvmea%252fbmfb%252fvmeaizbqktm.iax%25258nint%253d%2526VmeaQL%253d65206%2526IzbqabQL%253d772"
date="Thu, May 04, 2000 05:23 AM" 
time="05:23 PST">Metallica Address Fan Fears in Web Chat</headline>

<headline
href="http://log.isyndicate.com:8880/pscripts/hit/kixbiqvkczawz%2526zwttqvoabwvm.vmea%2526pbbx%253a%252f%252feee.zwttqvoabwvm.kwu%252famkbqwva%252fvmea%252fbmfb%252fvmeaizbqktm.iax%25258nint%253d%2526VmeaQL%253d65292%2526IzbqabQL%253d6975"
date="Wed, May 03, 2000 05:20 PM" 
time="05:20 PST">Toni Braxton Heats Up Cooling Top 10</headline>

<headline
href="http://log.isyndicate.com:8880/pscripts/hit/kixbiqvkczawz%2526zwttqvoabwvm.vmea%2526pbbx%253a%252f%252feee.zwttqvoabwvm.kwu%252famkbqwva%252fvmea%252fbmfb%252fvmeaizbqktm.iax%25258nint%253d%2526VmeaQL%253d65293%2526IzbqabQL%253d7213%2526wzqoqv%253dvmea"
date="Wed, May 03, 2000 05:20 PM" 
time="05:20 PST">Free Love and Digital Music</headline>

</channel>

</newsfeed>
