<?xml version="1.0"?>
<newsfeed>

<channel cid="wired.tech"
title="Wired News: Technology"
date="05/04/2000"
time="03:28 PST">

<headline
href="http://log.isyndicate.com:8880/pscripts/hit/kixbiqvkczawz%2526eqzml.bmkp%2526pbbx%253a%252f%252feee.eqzml.kwu%252fkoq-jqv%252fzmlqzmkb%252f6095%252fpbbx%253a%252f%252feee.eqzml.kwu%252fvmea%252fbmkpvwtwog%252f5%252c6737%252c81691%252c55.pbut"
date="Thu, May 04, 2000 05:15 PM" 
time="05:15 PST">Making Biomed Safe and Solvent</headline>

<headline
href="http://log.isyndicate.com:8880/pscripts/hit/kixbiqvkczawz%2526eqzml.bmkp%2526pbbx%253a%252f%252feee.eqzml.kwu%252fkoq-jqv%252fzmlqzmkb%252f6095%252fpbbx%253a%252f%252feee.eqzml.kwu%252fvmea%252fbmkpvwtwog%252f5%252c6737%252c81696%252c55.pbut"
date="Thu, May 04, 2000 04:24 PM" 
time="04:24 PST">DNA &apos;Bounty&apos; Sought on Island</headline>

<headline
href="http://log.isyndicate.com:8880/pscripts/hit/kixbiqvkczawz%2526eqzml.bmkp%2526pbbx%253a%252f%252feee.eqzml.kwu%252fkoq-jqv%252fzmlqzmkb%252f6095%252fpbbx%253a%252f%252feee.eqzml.kwu%252fvmea%252fbmkpvwtwog%252f5%252c6737%252c81697%252c55.pbut"
date="Thu, May 04, 2000 03:28 PM" 
time="03:28 PST">Breast Cancer Drug Kills 15</headline>

</channel>

<channel cid="cnet.newscom_computing"
title="CNET: Personal Technology"
date="05/04/2000"
time="09:52 PST">

<headline
href="http://log.isyndicate.com:8880/pscripts/hit/kixbiqvkczawz%2526kvmb.vmeakwu_kwuxcbqvo%2526pbbx%253a%252f%252fvmea.kvmb.kwu%252fvmea%252f5-6551-755-6360629.pbut%25258nbio%253dxb.qagvlqkibm.pt.vm"
date="Thu, May 04, 2000 04:41 PM" 
time="04:41 PST">Handheld makers, analysts look to wireless future</headline>

<headline
href="http://log.isyndicate.com:8880/pscripts/hit/kixbiqvkczawz%2526kvmb.vmeakwu_kwuxcbqvo%2526pbbx%253a%252f%252fvmea.kvmb.kwu%252fvmea%252f5-6551-755-6369396.pbut%25258nbio%253dxb.qagvlqkibm.pt.vm"
date="Thu, May 04, 2000 02:00 PM" 
time="02:00 PST">Slow sales weigh heavily on digital TV company</headline>

<headline
href="http://log.isyndicate.com:8880/pscripts/hit/kixbiqvkczawz%2526kvmb.vmeakwu_kwuxcbqvo%2526pbbx%253a%252f%252fvmea.kvmb.kwu%252fvmea%252f5-6551-755-6368652.pbut%25258nbio%253dxb.qagvlqkibm.pt.vm"
date="Thu, May 04, 2000 09:52 AM" 
time="09:52 PST">Electronic Arts beats Street as income drops</headline>

</channel>

<channel cid="industry_standard.tech.hl"
title="The Industry Standard: Technology"
date="05/01/2000"
time="05:47 PST">

<headline
href="http://log.isyndicate.com:8880/pscripts/hit/kixbiqvkczawz%2526qvlcabzg_abivlizl.bmkp.pt%2526pbbx%253a%252f%252feee.bpmabivlizl.kwu%252fizbqktm%252flqaxtig%252f5%252c6606%252c69070%252c55.pbut"
date="Mon, May 01, 2000 05:47 AM" 
time="05:47 PST">Get Yer Spectrum Here</headline>

<headline
href="http://log.isyndicate.com:8880/pscripts/hit/kixbiqvkczawz%2526qvlcabzg_abivlizl.bmkp.pt%2526pbbx%253a%252f%252feee.bpmabivlizl.kwu%252fizbqktm%252flqaxtig%252f5%252c6606%252c69076%252c55.pbut"
date="Mon, May 01, 2000 05:47 AM" 
time="05:47 PST">No. 2, and Trying Harder</headline>

<headline
href="http://log.isyndicate.com:8880/pscripts/hit/kixbiqvkczawz%2526qvlcabzg_abivlizl.bmkp.pt%2526pbbx%253a%252f%252feee.bpmabivlizl.kwu%252fizbqktm%252flqaxtig%252f5%252c6606%252c69188%252c55.pbut"
date="Mon, May 01, 2000 05:47 AM" 
time="05:47 PST">Intel: Moving Beyond the Chip</headline>

</channel>

</newsfeed>
